id;Left-Thalamus-Proper;Left-Caudate;Left-Putamen;Left-Pallidum;Left-Hippocampus;Left-Amygdala;Left-Accumbens-area;Right-Thalamus-Proper;Right-Caudate;Right-Putamen;Right-Pallidum;Right-Hippocampus;Right-Amygdala;Right-Accumbens-area;bankssts;caudalanteriorcingulate;caudalmiddlefrontal;cuneus;entorhinal;fusiform;inferiorparietal;inferiortemporal;isthmuscingulate;lateraloccipital;lateralorbitofrontal;lingual;medialorbitofrontal;middletemporal;parahippocampal;paracentral;parsopercularis;parsorbitalis;parstriangularis;pericalcarine;postcentral;posteriorcingulate;precentral;precuneus;rostralanteriorcingulate;rostralmiddlefrontal;superiorfrontal;superiorparietal;superiortemporal;supramarginal;frontalpole;temporalpole;transversetemporal;insula;bankssts;caudalanteriorcingulate;caudalmiddlefrontal;cuneus;entorhinal;fusiform;inferiorparietal;inferiortemporal;isthmuscingulate;lateraloccipital;lateralorbitofrontal;lingual;medialorbitofrontal;middletemporal;parahippocampal;paracentral;parsopercularis;parsorbitalis;parstriangularis;pericalcarine;postcentral;posteriorcingulate;precentral;precuneus;rostralanteriorcingulate;rostralmiddlefrontal;superiorfrontal;superiorparietal;superiortemporal;supramarginal;frontalpole;temporalpole;transversetemporal;insula
D1;2,234019;1,258008;1,943638;2,800552;0,690967;1,643342;1,954284;2,449448;1,276016;1,9523;2,673188;0,7071514;1,618175;1,893632;0,499318;0,7907597;0,407181;0,5324825;0,5832053;0,4664545;0,3643404;0,3568032;0,5601426;0,3412019;0,6053837;0,5179328;0,7484461;0,3857177;0,5300024;0,4973456;0,4935634;0,2793334;0,4051048;0,5324096;0,4262344;0,6964955;0,436542;0,4940223;0,8533016;0,4499195;0,3855081;0,3235182;0,5480015;0,3744392;0,4129789;0,5694438;0,7654677;0,9926562;0,4961418;0,6981547;0,3073535;0,5489701;0,7889422;0,448396;0,3282769;0,3725323;0,5284024;0,3185289;0,5747909;0,4809818;0,63206;0,4034667;0,6234048;0,5109896;0,4619081;0,3574548;0,4114933;0,5772962;0,3946596;0,7248113;0,3634158;0,5062453;0,8061747;0,3817662;0,375151;0,3302758;0,547757;0,3880389;0,478029;0,7031068;0,7654048;0,9708776
D10;2,498916;1,747454;2,686435;3,555098;0,9331992;2,670844;2,669793;2,981198;1,712399;2,669601;2,738659;0,9764198;3,0549;2,471018;0,7625841;1,24896;0,3670666;0,7768334;0,7829719;0,5599351;0,4621687;0,480275;0,7431405;0,5354953;0,7736678;0,728474;0,9234675;0,5746652;0,6684464;0,695504;0,585997;0,447309;0,5633168;1,032877;0,6704697;0,9193805;0,5671333;0,6839541;1,119393;0,4752389;0,5313151;0,4793975;0,8661257;0,5754534;0,6078258;0,8756133;1,162832;1,448651;0,7614702;1,054703;0,3305578;0,8236704;0,7164362;0,6051673;0,4938344;0,4659099;0,6987222;0,5430446;0,7678479;0,6751554;0,802932;0,6005826;0,7042985;0,7518339;0,6319808;0,412534;0,5419372;0,9226848;0,6497238;0,983614;0,4844422;0,7051862;1,181812;0,4474833;0,4953285;0,4897568;0,9299662;0,5951181;0,551797;0,9409609;1,092749;1,395516
D11;2,131954;1,764944;2,460318;2,808289;0,6051641;2,149705;2,204201;2,504678;1,813711;2,456164;2,69661;0,5857034;1,59459;2,621152;0,616057;1,00561;0,383058;0,6804325;0,7860364;0,5210278;0,3765431;0,3990628;0,5653905;0,4570035;0,7233811;0,6391337;0,8397666;0,4329614;0,7656336;0,5013778;0,643525;0,4505213;0,617946;0,9014508;0,5656155;0,7967198;0,4732224;0,4888848;0,8859817;0,5840719;0,4306375;0,2765866;0,6812406;0,4369674;0,6635882;0,7393399;0,992744;1,210808;0,6083755;0,8639151;0,3809755;0,6828019;0,7485863;0,5394413;0,343169;0,4712267;0,4728951;0,4219775;0,7157643;0,5965621;0,676896;0,4005823;0,6358051;0,4550326;0,6169056;0,4495385;0,6327218;0,8610089;0,4609797;0,7232651;0,4257015;0,3860719;0,9435483;0,5197833;0,4245694;0,2374564;0,7095421;0,463737;0,5227513;0,8876313;0,9824881;1,147483
D12;2,611839;1,842977;2,535472;2,821621;0,6510605;1,70108;2,640883;2,784295;1,988532;2,453708;2,843552;0,6294314;1,741667;2,124696;0,6005923;0,9093019;0,5109201;0,7767448;0,6422436;0,4738577;0,4216029;0,4040969;0,6234089;0,4700713;0,740618;0,648964;0,7583201;0,3817236;0,6838675;0,5935679;0,6166933;0,5262824;0,608877;0,8861555;0,5762251;0,9111352;0,514293;0,5489825;0,8647157;0,5742634;0,4935605;0,3503583;0,5950254;0,4729492;0,5203911;0,7661928;1,070919;1,245957;0,5114214;0,8649554;0,4139928;0,6250542;0,841714;0,4606171;0,3885228;0,3976529;0,6015987;0,4685299;0,7021408;0,5720736;0,6641839;0,4103837;0,5580796;0,5842513;0,565543;0,4801871;0,5945811;0,8888306;0,5000445;0,8968621;0,4680811;0,4813832;0,9371202;0,5079667;0,4605182;0,3107218;0,5881201;0,5189077;0,4822195;0,766413;0,9704224;1,118117
D13;1,965551;1,247668;1,927893;1,732835;0,6752957;1,877336;2,734833;2,289628;1,317301;1,86978;1,871268;0,6910556;1,769461;1,972631;0,6032555;0,9608934;0,3920055;0,7946084;0,8759407;0,6015994;0,4022375;0,378495;0,6489966;0,45331;0,5445628;0,6148913;0,7106699;0,4469337;0,6995656;0,6128143;0,5917702;0,3198083;0,4668478;0,7294041;0,5267132;1,026188;0,4507331;0,6049758;0,7805318;0,4423206;0,3712896;0,4618519;0,6392817;0,4738424;0,2959339;0,7112906;0,8382223;1,122427;0,6106145;0,7843334;0,2754882;0,7319623;0,7454995;0,5492178;0,440165;0,3704848;0,7924441;0,4707494;0,5397618;0,564972;0,6064289;0,4201706;0,6947461;0,6750274;0,5102704;0,3270584;0,4604044;0,7638703;0,4764969;0,9381113;0,4167868;0,6567228;0,8265929;0,4266244;0,3414147;0,4463594;0,6033552;0,4922053;0,392769;0,6031007;0,7846225;1,035944
D14;1,964393;1,211581;1,784187;1,834976;0,6351686;1,723579;1,928392;2,029345;1,231199;1,78421;1,656235;0,5709389;1,566876;1,792873;0,5713305;0,7897607;0,3537215;0,7070872;0,8907394;0,5640238;0,4295822;0,3756188;0,5969312;0,4307945;0,4959663;0,5902195;0,6466076;0,4450295;0,6041504;0,5544567;0,5751469;0,3097961;0,4499705;0,7247845;0,4932161;0,8919608;0,4198178;0,5751374;0,7235748;0,4331088;0,3389221;0,4371651;0,5758491;0,4718642;0,2659097;0,6268028;0,7881814;1,017026;0,5362932;0,7161368;0,2754196;0,7149291;0,7589549;0,5062578;0,4332637;0,3353238;0,613054;0,4357902;0,5178341;0,537343;0,5170531;0,3940508;0,5035413;0,6141714;0,4485841;0,293257;0,4534508;0,6917263;0,4137472;0,8626284;0,3568526;0,6247408;0,7313953;0,4171569;0,3164388;0,3985833;0,5217141;0,4388649;0,353578;0,5823972;0,7058999;0,943453
D15;2,112335;1,502316;1,99188;2,99788;0,8018902;2,289392;2,183227;2,218215;1,868592;1,989946;2,434743;0,9160907;2,25757;1,903146;0,736427;0,9527796;0,3843508;0,7477144;1,005207;0,6442481;0,4353938;0,406078;0,5357238;0,4316715;0,6907503;0,6683977;0,8700514;0,477749;0,6739373;0,5674443;0,5916575;0,4234956;0,6225116;0,7954891;0,5995405;0,7714739;0,4844783;0,5196672;0,8844647;0,5382888;0,4403761;0,3537518;0,8593625;0,4877481;0,5787254;0,7557439;1,06946;1,311413;0,6322106;0,9720545;0,3554418;0,7110446;1,180716;0,6284363;0,3808529;0,4744439;0,5525644;0,4112039;0,6968825;0,5615289;0,6665812;0,4969664;0,8726745;0,6258395;0,491139;0,4004994;0,5006082;0,7398672;0,5371976;0,7234659;0,4512962;0,4991991;1,112134;0,4407087;0,4512713;0,3293676;0,8885038;0,4765552;0,5169504;0,9618013;1,083196;1,163508
D16;1,86718;1,572271;1,903629;2,211427;0,7721198;1,983157;2,238108;2,113459;1,672552;1,9219;2,21457;0,8139123;1,792316;1,841045;0,5861659;0,8713858;0,4080161;0,6483148;0,9458601;0,5963153;0,4127666;0,3638913;0,6022589;0,3611716;0,6714606;0,5802916;0,8038161;0,4378663;0,6264177;0,5571417;0,552165;0,3778915;0,568359;0,8130455;0,5680336;0,741351;0,4732484;0,488031;0,8801094;0,5123605;0,4547361;0,350728;0,7617057;0,4865144;0,5072193;0,7600641;0,9883234;1,343359;0,5715336;1,048474;0,3265632;0,6690851;0,9578296;0,5697058;0,3711488;0,4396644;0,5780418;0,3580178;0,7007336;0,5326052;0,6796589;0,4384512;0,7367338;0,646119;0,4986532;0,4192725;0,4730998;0,7186313;0,5311067;0,812254;0,4390981;0,4908176;0,8923189;0,4473625;0,4648461;0,3230096;0,8049569;0,4397334;0,4991157;1,003752;1,081112;1,183441
D18;2,074639;1,414205;2,12224;2,890137;0,7006216;1,77563;1,888472;2,745966;1,367718;2,048543;1,627636;0,6667776;1,500453;2,052313;0,6356364;1,009692;0,4513915;0,7790354;0,7374583;0,5466201;0,4605524;0,4710501;0,6252654;0,5406298;0,6100192;0,689681;0,6390202;0,4501598;0,751668;0,6313917;0,6935556;0,3904526;0,61179;0,7662576;0,672375;0,8689961;0,4214276;0,5895827;0,8336279;0,4865112;0,4819896;0,4925401;0,7230373;0,5488092;0,3704683;0,7856307;1,078869;1,194611;0,5951339;0,8764849;0,3680398;0,7988683;0,8727305;0,5874861;0,4417488;0,4548122;0,6869478;0,5457177;0,6114013;0,6507068;0,5837319;0,4438606;0,7936606;0,7013233;0,6099991;0,4046273;0,6014319;0,8020904;0,628493;0,9108375;0,2406136;0,6790212;0,7804585;0,4307876;0,4430849;0,5151785;0,7029404;0,499363;0,4458756;0,8321517;0,9550073;1,146087
D19;2,208162;1,520893;2,105575;3,065842;0,7681044;1,93368;2,444686;2,451583;1,8374;2,257062;2,373834;0,785117;1,817181;2,173409;0,6554656;0,908479;0,3968028;0,7424249;0,8270031;0,5856831;0,4680461;0,406309;0,6448183;0,4933369;0,6070897;0,6724347;0,7500965;0,4561044;0,6790424;0,531338;0,5473628;0,3399734;0,4887333;0,8144263;0,5306395;0,8629398;0,4096654;0,5566625;0,7337235;0,4885682;0,4252868;0,4439863;0,6652423;0,4886438;0,4186716;0,5773967;1,072276;1,089071;0,5958071;0,8093089;0,3959778;0,7002064;0,6775356;0,573432;0,4595215;0,4277957;0,6517361;0,4996523;0,6044948;0,5788283;0,654112;0,4986977;0,6729293;0,5608382;0,5750389;0,3787157;0,5542384;0,8053008;0,5392549;0,8577172;0,4074262;0,5839666;0,8565385;0,441499;0,4047644;0,3986102;0,7003041;0,5244238;0,38572;0,7166363;1,021522;1,084217
D2;2,206481;1,144079;1,965612;2,348155;0,6838478;1,638944;2,319502;2,349652;1,205249;1,919606;2,15631;0,6994128;1,697419;1,728134;0,4715012;0,7862745;0,3349757;0,6622744;0,6446871;0,472334;0,3827351;0,3458007;0,5883432;0,3673758;0,6055569;0,5376096;0,740689;0,385106;0,5513854;0,4695029;0,5783362;0,2258348;0,4362827;0,5888586;0,458958;0,737492;0,4433926;0,5080174;0,8308808;0,4471808;0,4125451;0,3471499;0,5425978;0,39325;0,4240595;0,6268886;0,9592058;0,9747501;0,5303798;0,7543181;0,3047582;0,6137196;0,7234963;0,4376128;0,3567625;0,3662846;0,5541099;0,3656696;0,5813798;0,4983148;0,6077765;0,4168419;0,6583564;0,5128927;0,6119573;0,3812317;0,4436194;0,5779352;0,4168256;0,6959238;0,3717779;0,5323329;0,8164606;0,3902605;0,3689235;0,37386;0,5563181;0,3931455;0,4328603;0,6743448;0,8022846;0,9364972
D20;2,107164;1,602221;2,101188;2,641843;0,7429458;1,794843;1,804571;2,400331;1,787019;2,250884;2,476944;0,7761807;1,830387;2,203206;0,5654003;0,8438973;0,3555437;0,6543468;0,7965489;0,5567996;0,4501347;0,4180935;0,670653;0,4276758;0,5660952;0,5939938;0,7332653;0,4093146;0,619801;0,5146434;0,5494362;0,3592251;0,4804893;0,7203131;0,4943474;0,8480441;0,3767126;0,5902121;0,7858877;0,4625038;0,4014811;0,4018288;0,6151617;0,4827788;0,4380979;0,5403038;1,001772;1,044723;0,6743239;0,8553046;0,4014987;0,7011125;0,5109389;0,5465005;0,4461016;0,452395;0,5679191;0,4426114;0,6149828;0,5136465;0,6903375;0,5194784;0,5672664;0,5530764;0,6006833;0,3977675;0,5741074;0,7701244;0,5067055;0,828998;0,3869355;0,6106234;0,783563;0,4780697;0,393322;0,3726394;0,7431629;0,5379933;0,3878145;0,718829;0,9754506;1,151054
D21;2,337833;1,553242;2,121347;2,868601;0,8914517;2,381372;2,072407;2,549159;1,54153;2,172353;2,235611;0,9594819;2,004834;1,96579;0,6863883;0,8932038;0,444906;0,8299399;1,254474;0,6383601;0,4341059;0,3881056;0,5697518;0,5543509;0,6443121;0,7216071;0,6110121;0,469921;0,7256695;0,6790502;0,5650449;0,4744712;0,5906915;1,027527;0,6482525;0,7780267;0,531031;0,5684233;0,8058672;0,5458681;0,4556105;0,4502817;0,7405186;0,5605351;0,508087;0,6677181;1,069754;1,25407;0,6049719;0,7957064;0,3713718;0,7199409;0,9694349;0,6584869;0,3798884;0,3849387;0,5756851;0,4853148;0,6448797;0,7009156;0,5939994;0,4555638;0,7496664;0,8025397;0,4983489;0,4589897;0,454225;0,9400243;0,5652529;0,8313916;0,4900972;0,5799977;0,8308497;0,4471713;0,4424164;0,4310623;0,744889;0,4567934;0,4827514;0,7710598;1,223272;1,201983
D22;2,209785;1,568684;2,002934;2,030122;0,8607138;2,112849;3,047548;2,538146;1,621913;2,019383;2,112884;0,7373151;2,103675;2,158363;0,6422922;0,9913231;0,4637737;0,7927597;1,254023;0,5972818;0,4225685;0,3591675;0,5784977;0,5853733;0,5814258;0,7033179;0,556394;0,458265;0,7042125;0,6625775;0,561596;0,3960719;0,6226979;0,9620666;0,6283283;0,8323192;0,547773;0,5460938;0,724065;0,5162911;0,4460343;0,4344307;0,6770245;0,5233655;0,3917161;0,6348727;1,05547;1,076387;0,5637934;0,7716611;0,3560873;0,8193716;1,003685;0,5953481;0,3888233;0,3573368;0,6309953;0,5329836;0,6166563;0,6435832;0,5501944;0,4563041;0,7653131;0,7089084;0,4801086;0,4178898;0,4690452;1,036583;0,5423163;0,9246945;0,4524938;0,6050119;0,7460975;0,4430914;0,4264479;0,4046741;0,6503616;0,44679;0,3684909;0,6718508;1,030482;1,12959
D23;2,55599;1,91091;2,290485;4,106215;0,9854236;2,003212;1,883063;2,657622;1,922163;2,389555;1,957387;0,8504895;2,070881;1,91514;0,7096122;1,045576;0,4838028;0,8664816;0,8649053;0,6148448;0,487755;0,4074241;0,6421601;0,5939746;0,7540399;0,7309462;0,9303906;0,5068616;0,6954405;0,6705842;0,7126829;0,4747226;0,66244;1,074699;0,6124589;0,8716165;0,4726512;0,6548765;0,9228394;0,5302106;0,5129236;0,4840899;0,7308336;0,5177592;0,5512246;0,5802184;1,177215;1,285096;0,6645163;1,022078;0,3983226;0,6195729;0,8040229;0,5627493;0,4368224;0,407725;0,6516475;0,5236313;0,7238833;0,668859;0,7597923;0,4713814;0,8906607;0,8265342;0,5924755;0,4392855;0,4984187;0,9922808;0,5741895;0,9578186;0,4559685;0,6262295;1,000927;0,4582496;0,4971487;0,4478181;0,7218025;0,5102476;0,566602;0,7338044;1,162134;1,287625
D24;2,095269;1,712926;2,101947;2,520419;0,8761571;1,65398;1,812652;2,241351;1,732565;2,243682;2,181212;0,844182;1,645708;3,215046;0,6998954;1,028379;0,4980325;0,8738666;1,033927;0,611683;0,4705541;0,4191452;0,703385;0,5242474;0,6788127;0,733553;0,6918596;0,5038403;0,6882601;0,7377091;0,694437;0,4680986;0,625351;0,9931814;0,6457719;1,040681;0,5443431;0,7055727;0,9184322;0,5335531;0,5268923;0,4915961;0,7326119;0,5441732;0,368338;0,6584043;1,268343;1,317003;0,6327066;1,07194;0,4403839;0,7024598;0,8650081;0,5693468;0,4842833;0,3964271;0,6819385;0,4916201;0,6362606;0,637244;0,6411465;0,4229428;0,9556037;0,8194002;0,6292859;0,4604125;0,5572273;0,9468912;0,6201336;1,112517;0,4843809;0,687887;0,8615568;0,480953;0,5007107;0,4956183;0,6874235;0,5515315;0,4025393;0,7252583;1,256838;1,277484
D25;2,329071;1,736886;2,418517;2,360131;0,8552403;2,083867;2,445372;2,477101;1,755774;2,309107;2,144683;0,8348063;2,219203;2,682365;0,6783638;0,8978555;0,3993518;0,7746603;0,7170691;0,5929087;0,4536559;0,424584;0,6029778;0,4761915;0,6144328;0,6461831;0,7391302;0,4933559;0,6296068;0,6283647;0,5441885;0,410746;0,5073655;0,8083454;0,5667484;0,829747;0,4560097;0,6236046;0,8053936;0,4882303;0,463067;0,4466192;0,719161;0,470711;0,5583637;0,8809935;1,002412;1,207152;0,7327765;0,8923275;0,3357908;0,685299;0,793851;0,6114325;0,4317063;0,4726684;0,6266956;0,3943949;0,6784462;0,550202;0,5904326;0,5309582;0,703318;0,6878096;0,5130302;0,4540166;0,5119912;4,238115;0,5605791;0,8135853;0,4199858;0,589097;0,830194;0,4350762;0,4493622;0,4222368;0,7766801;0,4826504;0,4325705;0,8801794;1,196171;1,082831
D26;2,2577;1,839389;2,248464;2,661197;0,7111809;1,567347;2,405356;2,55187;1,771957;2,257959;2,85957;0,6774898;1,791418;1,87303;0,5690611;0,8056778;0,3547241;0,7793432;0,7991867;0,5558752;0,4033267;0,4228182;0,6199443;0,4911622;0,5852503;0,594792;0,6417824;0,441885;0,5503664;0,5416244;0,4871658;0,3831984;0,5041116;0,6321962;0,537679;0,8104437;0,4145282;0,5729857;0,7798164;0,453711;0,4199779;0,4211164;0,6698146;0,4343797;0,4732786;0,7394431;1,038353;1,146275;0,5599947;0,8167424;0,2472625;0,6846095;0,7088717;0,5222401;0,4206559;0,4020266;0,7059489;0,4670739;0,5796122;0,5711053;0,6037172;0,501811;0,6319111;0,6026851;0,4517908;0,3496953;0,4993682;0,6474362;0,5112452;0,8094322;0,3422915;0,6046563;0,7737936;0,4371669;0,3917544;0,4121389;0,6840028;0,4271873;0,5372463;0,7487653;1,13702;1,059356
D27;1,986202;1,4006;1,971512;2,550259;0,682972;1,338111;1,945681;2,319723;1,340568;2,03241;2,142229;0,6340086;1,769329;1,965529;0,6195141;1,004477;0,4353809;0,6602771;0,7505095;0,5049642;0,4639496;0,3740551;0,5933391;0,4677201;0,7087539;0,4565906;0,7087503;0,4872526;0,5585657;0,6843002;-13,75345;0,4214955;0,6458613;0,685797;0,595008;0,8141102;0,4872579;0,5703747;0,8589923;0,5402358;0,4549231;0,4349879;0,7168806;0,4700364;0,4148819;0,7499526;0,8738874;1,113535;0,5694727;0,7585205;0,4293969;0,7613295;0,6606709;0,5021127;0,4713403;0,3500526;0,5859689;1,154151;0,6404241;0,5129741;0,5802824;0,4160578;0,5566116;0,6394151;0,6441575;0,4391341;0,5495712;0,7128272;0,6046603;0,8985544;0,1319788;0,5529683;0,6964991;0,5290778;0,9649869;0,4375547;0,7235131;0,5147115;0,4230631;0,6255568;-0,1039666;1,129891
D28;1,975826;1,390898;1,953406;2,522818;0,6835219;1,328399;1,920809;2,300798;1,343667;2,008932;2,135843;0,6324307;1,755862;1,952093;0,6092808;0,9998079;0,4296638;0,652027;0,7530427;0,5030072;0,4534999;0,3682879;0,6030348;0,4549898;0,7068638;0,4545581;0,7018426;0,4765282;0,5610411;0,6791068;-2,18294;0,4181652;0,6316062;0,674607;0,5863211;0,8124222;0,4762058;0,5635875;0,8525865;0,5280917;0,4456449;0,4270025;0,7071013;0,4606373;0,4091558;0,7453646;0,8676926;1,109493;0,5541947;0,7579513;0,4242076;0,7498467;0,6608641;0,4949867;0,4628431;0,3397148;0,5893381;-0,2909005;0,6295894;0,5085872;0,5769302;0,4034504;0,548158;0,6239625;0,635006;0,4182854;0,5307877;0,7014772;0,5939935;0,8901941;0,2711277;0,5426376;0,6902484;0,5134467;0,2453671;0,4282922;0,7093359;0,5014963;0,4173452;0,6131291;0,003478225;1,115463
D29;2,464646;1,915779;2,44789;2,904982;0,921367;1,833968;2,500066;2,494078;1,761577;2,326201;2,90553;0,9582091;1,997888;2,875142;0,6651768;0,9940856;0,4937627;0,9168186;1,149065;0,5629067;0,5081541;0,3763352;0,6929512;0,5465103;0,7769084;0,6806723;0,8454569;0,4963783;0,739609;0,7184062;0,76111;0,5056992;0,6775732;0,7975903;0,7916417;0,8931929;0,6007627;0,6773628;0,9877327;0,5448665;0,5650112;0,5311851;0,8097546;0,6536944;0,7706332;0,9470681;1,149001;1,326366;0,58725;1,080191;0,4267754;0,8673293;1,088209;0,5656198;0,4939418;0,3660868;0,6463803;0,5062544;0,6693268;0,7166221;0,7503325;0,4841471;0,796218;0,7112751;0,5807616;0,4554263;0,6631235;0,8530596;0,7061639;0,8796756;0,5240152;0,6938206;0,9750662;0,4541227;0,521704;0,5100757;0,8375863;0,5893503;0,4368629;0,9425536;1,086864;1,38142
D3;1,92776;1,486456;2,015751;2,976296;0,7593215;1,685277;3,051826;2,237608;1,459494;2,124449;2,61189;0,6740428;1,618711;2,239667;0,5349296;1,090752;0,3718432;0,6554849;1,096049;0,6185957;0,4632;0,512273;0,5435631;0,4736106;0,6241818;0,5998033;0,6281284;0,4745103;0,9251481;0,6368632;0,6092291;0,5178285;0,5139566;0,8903431;0,5653213;0,8164966;0,4804367;0,5354024;0,7438876;0,4263709;0,4166957;0,4048352;0,6499162;0,5340194;0,4161236;0,8662641;0,9568623;1,044317;0,458054;0,8380164;0,3341396;0,6301331;0,9165417;0,6213713;0,4551171;0,4853083;0,5130386;0,412544;0,5908289;0,5879754;0,5111284;0,4705215;0,8488902;0,6362742;0,5818006;0,5752835;0,4843236;0,7698766;0,5805282;0,820394;0,5184578;0,54619;0,8130347;0,3896145;0,3907168;0,3914443;0,6507052;0,5781288;0,39227;0,8944115;0,891899;0,9921391
D30;2,176494;1,800444;2,333813;2,637222;0,698904;1,801195;2,530294;2,752757;1,701019;2,214919;2,96481;0,7139942;1,909235;2,400383;0,6993462;0,9917998;0,5655631;0,8723291;0,9349238;0,5406388;0,5356939;0,3852703;0,5837851;0,5664591;0,7964175;0,6500398;0,8370307;0,4871733;0,6463213;0,7851268;0,8009886;0,573234;0,7040227;0,7915253;0,824795;0,8881955;0,6765788;0,7125513;1,024859;0,5756317;0,5763241;0,5970932;0,8026017;0,706997;0,4652719;0,7899051;1,140867;1,362887;0,604473;0,9842844;0,5051522;0,7806766;0,804179;0,5201274;0,5319333;0,3896757;0,5963549;0,5180246;0,7128927;0,6645766;0,7153997;0,4377926;0,6324651;0,7228802;0,6484606;0,5282387;0,6761986;0,8339268;0,7658865;0,875773;0,5647339;0,7128678;0,9599185;0,5033084;0,5602095;0,5847726;0,7587481;0,6618609;0,5202193;0,8076087;1,060856;1,320874
D31;1,856372;1,494648;2,222281;2,947923;0,7787644;1,875935;2,397173;2,332663;1,370196;2,287543;2,226116;0,8126225;1,992688;1,650281;0,5653518;0,9440058;0,4479029;0,8414377;0,8913161;0,5180121;0,4341236;0,3181415;0,5898845;0,4672692;0,5949093;0,5686299;0,6548382;0,423222;0,7328136;0,6366864;0,5567437;0,3582129;0,594914;0,8108187;0,579612;0,8108942;0,5188251;0,5273307;0,8004979;0,5438413;0,4807115;0,3937017;0,5913169;0,4492176;0,5632974;0,7622209;0,9056843;1,033986;0,5193881;0,9591549;0,35916;0,5969373;0,8344769;0,4978403;0,3728344;0,4157865;0,5612316;0,4188777;0,5881866;0,5018421;0,5266499;0,4536485;0,680395;0,6378691;0,5317622;0,3575357;0,5377417;0,8986145;0,5057751;0,7282858;0,4787507;0,5007451;0,9061992;0,4954073;0,4244032;0,3977816;0,6558914;0,4441276;0,4925544;0,7625356;0,8597343;1,032607
D32;1,758253;1,276747;2,159688;2,240998;0,8162739;1,902063;1,752616;2,103474;1,263896;2,140544;1,912963;0,8640932;1,821458;2,02614;0,4954618;0,8112009;0,3808761;0,7779335;0,8887242;0,4955209;0,3455533;0,3047958;0,5760684;0,4575575;0,5026329;0,5989268;0,5639135;0,3655361;0,6906651;0,65338;0,5522619;0,2701716;0,4587555;0,7820086;0,5538967;0,8116801;0,4595024;0,5172077;0,6442156;0,4401649;0,3677272;0,378595;0,5476871;0,4018342;0,35024;0,6894739;1,0103;0,9674714;0,4774157;0,8392712;0,5124631;0,6119297;0,8205732;0,4797795;0,3143016;0,3705543;0,5885268;0,4503655;0,519422;0,489569;0,4342293;0,4050329;0,7635929;0,6068531;0,4961338;0,2722155;0,4449043;0,8055127;0,4245959;0,6771356;0,430203;0,4752886;0,7437932;0,3946979;0,331248;0,3640965;0,5571698;0,369819;0,3934436;0,6877813;0,7872546;0,9853722
D33;1,822238;1,351808;1,853408;2,249446;0,8254103;1,800756;1,403963;2,285957;1,34991;1,892283;1,633378;0,7089297;1,800451;1,264646;0,5528609;0,9927806;0,4810755;0,7587697;0,9463786;0,5141549;0,3796847;0,3737028;0,6242002;0,4566618;0,5944034;0,6175393;0,5766233;0,39889;0,6995346;0,7317914;0,5963716;0,4395155;0,5901926;0,9010755;0,6138147;0,9081188;0,5556985;0,5942181;0,7251496;0,5026963;0,4890318;0,4079135;0,6294498;0,4530682;0,1858659;0,6490688;0,9995058;1,04515;0,627547;0,8426902;0,4045318;0,7133166;0,8521771;0,5080394;0,4193576;0,4337238;0,681464;0,4482337;0,6983117;0,6248779;0,5645277;0,4843167;0,7472463;0,689093;0,5636953;0,4489992;0,5619707;0,9556748;0,5720513;0,8972661;0,5070723;0,5969405;0,7037576;0,4511261;0,4583253;0,4153202;0,6671015;0,4887916;0,2834764;0,7158296;0,8943503;0,9017289
D34;1,784356;1,292725;1,780244;2,194427;0,7086717;1,483651;1,285293;2,490202;1,277467;1,87989;1,800958;0,640883;1,275477;1,559188;0,5334778;1,027868;0,4184971;0,7702739;0,8079203;0,4806375;0,3935475;0,3531071;0,5920114;0,4765463;0,5678961;0,6086249;0,6162824;0,4138236;0,604064;0,6434427;0,5399227;0,3225854;0,5601399;0,9386023;0,5555337;0,8467578;0,4696691;0,5758282;0,7031912;0,4490316;0,4025231;0,3837719;0,6001757;0,439693;0,4603482;0,6424202;0,9449673;1,041833;0,5272302;0,7426917;0,3294674;0,6884916;0,7581316;0,4250451;0,4014057;0,381196;0,650466;0,4637343;0,5991382;0,6168016;0,5920548;0,4314768;0,6632212;0,5887288;0,5049742;0,362606;0,4375075;0,9767588;0,4884053;0,7988167;0,4400397;0,5655482;0,7255937;0,3779622;0,3696491;0,3883374;0,6268001;0,4437509;0,3849853;0,6128993;0,8773655;0,8926881
D35;2,446037;1,483939;2,133114;2,703358;0,841901;1,926058;2,002681;2,482957;1,472187;2,02222;2,844089;0,9060443;1,838865;1,695675;0,6056067;0,8580819;0,509621;0,7665434;0,7038196;0,5421337;0,4055406;0,4120937;0,6199013;0,5205599;0,6295106;0,5793801;0,7231954;0,4640145;0,6998874;0,4572815;0,6825905;0,4194126;0,5934984;0,8492093;0,6361146;0,9435068;0,533088;0,5203811;0,781664;0,5886566;0,4132058;0,3659634;0,6748529;0,5433473;0,5237557;0,7166682;0,9925825;1,092869;0,5778768;0,9651286;0,3779399;0,6654624;0,655577;0,5142392;0,3714601;0,4333854;0,6346219;0,5246179;0,6031373;0,5372389;0,6585014;0,4937582;0,5918946;0,4784598;0,57463;0,4472542;0,6081764;0,7511905;0,5439823;0,7747149;0,404464;0,5001435;0,8441547;0,5119259;0,3873796;0,3194212;0,6699799;0,462704;0,5071921;0,6504773;0,8620143;1,055096
D36;2,582769;1,612215;2,294384;3,280247;0,8946526;1,870003;2,594505;2,501704;1,634381;2,205529;2,880845;0,9023798;2,048128;2,437221;0,5967838;0,9405045;0,4547757;0,8202418;0,8290112;0,6051953;0,4492218;0,4611849;0,6966726;0,5844058;0,7435681;0,6423369;0,8486388;0,4790948;0,8220185;0,4758888;0,6146916;0,5158623;0,6555437;0,9306584;0,6692914;1,000945;0,5094327;0,6084922;0,8349133;0,6198135;0,4482447;0,4610847;0,7165917;0,5134043;0,6568029;0,75429;0,9878333;1,154604;0,5782187;0,9971711;0,4505775;0,7035062;0,7331396;0,562636;0,4300548;0,4608766;0,6936881;0,573119;0,6246431;0,5737628;0,7660181;0,5132887;0,6345694;0,5852518;0,5893937;0,4987107;0,6382372;0,8205025;0,6216667;0,8971021;0,4626504;0,5681708;0,9837017;0,5432362;0,4486628;0,4256695;0,7307609;0,5324425;0,6408622;0,7104968;0,9766778;1,13968
D37;1,911314;1,678683;1,990443;2,090098;0,8469228;1,903412;2,427327;2,178213;1,649179;1,89501;2,247265;0,8830507;2,056834;2,448505;0,7609913;1,01318;0,4076563;0,6843378;0,9368837;0,5031;0,5096562;0,4314027;0,7149791;0,414699;0,6661673;0,5050679;0,7519844;0,4931353;0,7314062;0,5168115;0,535117;0,3600826;0,4910081;0,7321144;0,5287981;0,7580492;0,4558588;0,5952569;0,8317075;0,4855362;0,4182383;0,4383469;0,7124546;0,5375322;0,4845649;0,7790047;0,9797673;1,216978;0,5789664;0,9962838;0,381974;0,570559;0,7043003;0,5079264;0,4479918;0,400144;0,6534494;0,359874;0,6740186;0,5272618;0,6210467;0,4484176;0,7431851;0,5747881;0,5205802;0,3911093;0,4405694;0,6635979;0,5085053;0,8140742;0,4446008;0,6221908;1,00292;0,44457;0,4157842;0,4059383;0,6948933;0,4443225;0,4571056;0,8336919;0,9141447;1,201755
D38;2,060198;1,655816;1,871121;2,467771;0,7963408;1,703471;1,942604;2,345771;1,675257;1,904909;2,616989;0,7372737;1,707398;2,574901;0,720302;0,932021;0,4519048;0,6471809;0,7481482;0,4645775;0,4688992;0,3936597;0,7088791;0,3996516;0,6077999;0,4637412;0,6322028;0,4414463;0,7035459;0,5489521;0,5017498;0,323929;0,4648146;0,6880774;0,5087885;0,791017;0,4346006;0,5902067;0,750435;0,4448854;0,3991865;0,4253764;0,6573684;0,5055913;0,356589;0,6705768;1,10019;1,161733;0,6573938;0,950678;0,3347162;0,5701675;0,7083094;0,5071161;0,4582006;0,3735064;0,6854755;0,3969924;0,6256457;0,5281473;0,561263;0,4493768;0,6890274;0,6166926;0,5446261;0,3750179;0,4607044;0,7025897;0,5513912;0,8502148;0,4343412;0,6160896;0,8547598;0,4216621;0,3763764;0,4572112;0,6523585;0,4929174;0,3273664;0,7929054;0,9447401;1,121467
D39;1,879814;1,619542;2,087731;2,803599;0,8677268;1,942331;2,323781;2,149944;1,436232;1,989297;2,71524;0,6809386;1,765795;1,661868;0,4709761;0,8498688;0,2768724;0,6160336;0,8917045;0,5122302;0,3242163;0,3735884;0,4906804;0,3481375;0,5703577;0,5355877;0,6053332;0,396297;0,6690823;0,4769872;0,5717192;0,3231724;0,5764814;0,5877796;0,5090568;0,7270936;0,4591823;0,4565713;0,724669;0,4725136;0,3532774;0,2946229;0,5916552;0,4071268;0,3366544;0,6377834;0,9220744;1,135348;0,5044283;0,8509907;0,2872564;0,5637247;0,8029139;0,5137518;0,3153617;0,3557064;0,5146026;0,3717743;0,5580989;0,4913874;0,4730743;0,4047748;0,7436413;0,488408;0,483163;0,4309812;0,5213534;0,6211528;0,4333369;0,6971715;0,353032;0,4574038;0,816945;0,3997706;0,3459008;0,2880608;0,5931437;0,3727244;0,352047;0,6088195;0,9276247;1,038023
D4;1,726358;1,531128;2,003772;2,552671;0,6751447;1,88722;2,050116;1,997224;1,415805;1,940113;3,020682;0,6515755;1,684909;1,990785;0,4466849;0,8712242;0,3832947;0,5406167;0,7842582;0,4105702;0,3870952;0,3018111;0,417926;0,3666154;0,4985575;0,4654451;0,667501;0,3668144;0,6763523;0,5470439;0,5497039;0,3166382;0,4926701;0,6942352;0,5563747;0,7125033;0,4691058;0,4661125;0,7128339;0,4968274;0,4158567;0,4054121;0,603503;0,4827375;0,3825894;0,6954794;0,8480617;0,9744913;0,4728592;0,7149594;0,324766;0,5101972;0,5956601;0,4234888;0,3545642;0,3584884;0,4424861;0,2640304;0,4552328;0,4992754;0,4734026;0,397311;0,6347233;0,5711635;0,4268219;0,298496;0,3681064;0,6717581;0,5165626;0,7588147;0,4385735;0,4622027;0,7754674;0,4073708;0,3801914;0,3449071;0,6291387;0,5165871;0,3534018;0,6682753;0,87668;0,9343831
D40;1,978549;1,6427;2,140734;2,725155;0,860185;1,838718;2,809889;2,112612;1,493837;2,041806;3,216655;0,7485927;2,034989;1,860185;0,5629243;0,8813236;0,342794;0,6530493;0,9130334;0,5748899;0,3338006;0,4215019;0,4680291;0,4179915;0,6406832;0,6035127;0,6805445;0,4428761;0,6164031;0,4888421;0,5677978;0,352242;0,5927879;0,6568429;0,4878213;0,7056573;0,464085;0,4486368;0,8176401;0,4759271;0,3645742;0,3104572;0,6703075;0,384739;0,4381673;0,8206216;0,9705946;1,228886;0,5446201;0,9151101;0,250829;0,5591403;0,7684153;0,592951;0,2964583;0,4065692;0,4762217;0,3664046;0,5789043;0,5381466;0,5196755;0,4079338;0,7742368;0,4867258;0,3825838;0,3803567;0,5077875;0,609627;0,4261107;0,6843125;0,3639796;0,4485715;0,9119569;0,397043;0,3589968;0,2874142;0,6499411;0,3628433;0,3583541;0,7940131;0,9479695;1,058989
D41;2,194596;1,828963;2,432146;2,511701;0,771192;1,567594;2,619898;2,180216;1,830983;2,498197;2,830217;0,9045924;1,724135;2,008917;0,6315714;1,058441;0,4369795;0,724694;0,8398495;0,5463056;0,4787925;0,3853396;0,5882019;0,4515297;0,6128628;0,6425199;0,7198408;0,4395685;0,6805628;0,7529488;0,5308298;0,3869062;0,484089;0,8313006;0,4995185;0,8371237;0,486741;0,6172249;1,020017;0,4775415;0,4778877;0,4526853;0,6058398;0,5398215;0,4261177;0,6744458;0,8404625;0,9755163;0,5980421;0,9897069;0,4053814;0,7827992;0,6251293;0,4720923;0,4502175;0,3942212;0,6125781;0,4645765;0,6083584;0,6155577;0,6753351;0,4405829;0,5682378;0,7528412;0,5061478;0,3546276;0,4319003;0,8609107;0,468993;0,8441726;0,4624644;0,6154393;0,8659198;0,4071334;0,470422;0,4260719;0,6047934;0,4661709;0,4333539;0,6712111;0,9211495;1,023413
D42;2,30217;1,763211;2,483293;3,312243;0,9026715;1,993626;3,418139;2,257336;1,849482;2,559002;3,049593;0,7506292;1,891383;2,423261;0,646286;1,01756;0,4427488;0,8784675;0,9074415;0,6170943;0,4718288;0,4497685;0,5455599;0,5221378;0,6391774;0,7575062;0,7655964;0,4861446;0,6651644;0,7559615;0,5607753;0,4906131;0,5055758;0,951747;0,5666727;0,8577502;0,4749685;0,6169433;0,9365114;0,4971097;0,4958128;0,4700521;0,6797506;0,5664555;0,5786838;0,6662365;0,8576915;1,19767;0,6144044;1,053559;0,3977129;0,768789;0,6463661;0,5291382;0,4489017;0,4199052;0,6189117;0,5434804;0,6551043;0,6632007;0,6889744;0,4717936;0,585312;0,7839828;0,5317753;0,361563;0,4940346;0,9100859;0,532794;0,8587985;0,4760011;0,6225684;0,9050907;0,4292043;0,4703001;0,4089883;0,6680076;0,4798117;0,4236745;0,5984804;0,9086676;1,041232
D43;2,021941;1,372002;1,736529;4,554427;0,6820472;1,18641;2,228802;2,064928;1,330268;1,680384;1,726636;0,6635244;1,364037;1,752325;0,5506592;0,6410621;0,398097;0,6524679;0,866409;0,4390451;0,3264664;0,3343881;0,5695515;0,4007329;0,504601;0,5526201;0,5689703;0,4099613;0,6335871;0,44578;0,5094745;0,3731761;0,4524507;0,619522;0,4867601;0,613643;0,3745526;0,4855525;0,6559806;0,3815772;0,3379571;0,3499375;0,5839458;0,4105213;0,2722182;0,6122015;0,9323585;0,9422733;0,4643936;0,5654081;0,07327874;0,6066567;0,785272;0,3957847;0,3242736;0,3746629;0,5590746;0,3933517;0,5367581;0,4490198;0,5546553;0,4344149;0,599101;0,4771641;0,5069908;0,3617578;0,4553086;0,5961381;0,421521;0,5928997;0,3806388;0,4950895;0,651711;0,3612674;0,3019339;0,367536;0,6355911;0,3942317;0,2796693;0,6202606;0,8392822;0,9242533
D44;2,007023;1,230851;1,614805;2,59959;0,7254084;1,372336;1,810731;1,988258;1,274116;1,724284;2,505452;0,6332538;1,336513;1,604611;0,5817461;0,6678902;0,4266229;0,6689807;0,7944418;0,4257891;0,3308289;0,3285774;0,5821977;0,374755;0,4537907;0,5305424;0,4932912;0,3921712;0,5608087;0,5243816;0,4967245;0,3762592;0,4518846;0,6415089;0,5163641;0,6606808;0,4220869;0,5075138;0,6327977;0,381901;0,3479406;0,3847923;0,5931069;0,4251537;0,1592542;0,5405082;0,8815921;0,8951077;0,5006595;0,6278666;0,5915782;0,5992395;0,7461129;0,3892938;0,3526503;0,381621;0,5654184;0,3849866;0,5159684;0,4292353;0,4993853;0,399117;0,5544185;0,5155012;0,5179911;0,3474896;0,5006993;0,5635757;0,4675815;0,6129184;0,4025879;0,5244648;0,6089683;0,3839781;0,3175018;0,3698656;0,6024653;0,4218529;0,2999473;0,5790706;0,6860779;0,8634466
D45;1,507288;1,362359;1,916579;2,393042;0,6802071;2,117201;2,404171;1,591429;1,30093;2,039674;2,210913;0,7105483;2,13488;1,720948;0,5194964;0,9096028;0,3393718;0,6619646;0,7347551;0,5128391;0,3686171;0,3239784;0,5906894;0,4304298;0,5474756;0,5619878;0,6179804;0,4001901;0,5225933;0,6257029;0,4715466;0,3647207;0,4707455;0,8301056;0,5488927;0,9209896;0,4703616;0,5006397;0,7829107;0,3680539;0,3815631;0,3611821;0,5608628;0,3982526;0,3817069;0,6052846;0,9218289;1,015815;0,4912801;0,8531934;0,3129138;0,5979845;0,6268939;0,4397883;0,3703477;0,3601008;0,6335808;0,406225;0,554277;0,6374907;0,5112737;0,3384338;0,7199135;0,6973395;0,4649349;0,2897598;0,418956;0,8371295;0,5120257;0,9000648;0,4231216;0,5265267;0,806301;0,3509723;0,3502501;0,3727213;0,5808964;0,3869216;0,3821363;0,6741992;1,066063;0,9053914
D46;1,834911;1,523195;2,332834;2,955066;0,8450921;2,257867;2,23523;1,921001;1,519575;2,254948;2,517977;0,8490798;1,857155;1,867964;0,6276644;1,115318;0,4092733;0,7733133;0,7388621;0,582835;0,4668992;0,3617217;0,6806695;0,4870978;0,633101;0,6446921;0,7415864;0,4643235;0,6321818;0,7319655;0,5938135;0,4130824;0,5830941;0,9297088;0,6353913;1,016842;0,792028;0,5636256;0,9357733;0,4985773;0,4480695;0,4423342;0,6999011;0,5332122;0,5199348;0,7044946;1,071023;1,16435;0,6243268;1,043601;0,391855;0,6884529;0,6350657;0,5162044;0,4383267;0,3778279;0,7168524;0,4320759;0,686719;0,7323578;0,6214122;0,4272042;0,773121;0,8200565;0,4963611;0,3462892;0,5882961;0,9762519;0,6065483;0,9614168;0,4892585;0,6237418;0,9528815;0,4497367;0,4868463;0,4533978;0,7044815;0,4670014;0,472555;0,6833817;1,13478;1,174282
D47;2,11436;1,493257;2,090402;2,836578;0,8129986;1,717081;3,210879;2,35238;1,640485;2,029723;2,534813;0,796788;1,960755;1,93811;0,6332815;1,107178;0,5029924;0,9048864;0,6733174;0,5960236;0,4646867;0,4315478;0,7359343;0,5270947;0,740133;0,657146;0,7430763;0,4420839;0,7611975;0,7448765;0,6530366;0,437379;0,683875;0,8494645;0,7084623;0,9620318;0,574767;0,6608601;0,8573553;0,5909103;0,52539;0,5483612;0,6727508;0,5541257;0,429086;0,6249145;1,037372;1,154903;0,6558037;1,071326;0,5121493;0,7821055;0,7940959;0,6372194;0,4692725;0,470686;0,7916114;0,5853786;0,741501;0,5697265;0,7404898;0,5375209;0,7541245;0,8089491;0,7051076;0,564656;0,7539464;0,8470112;0,6978514;0,9712982;0,5776938;0,6922292;0,9624963;0,545012;0,5417305;0,5213265;0,7372126;0,5709031;0,4357679;0,746633;1,027478;1,101581
D48;1,874739;1,547792;2,037989;2,892426;0,8057347;1,918357;2,492445;2,427413;1,563087;2,030114;2,623972;0,8447454;1,889781;1,998689;0,6232681;1,156833;0,5370286;0,8359812;0,745779;0,6262739;0,4098023;0,4384788;0,720429;0,5285002;0,7463996;0,6478094;0,7766168;0,452833;0,7684622;0,7567271;0,6970505;0,4795963;0,6790377;0,8722431;0,743996;0,9252062;0,6270612;0,5988616;0,8945903;0,6567851;0,5484333;0,4980883;0,6982379;0,5535966;0,5374874;0,7390625;1,102572;1,139089;0,6591341;1,107356;0,4871616;0,7161378;0,5043466;0,642579;0,4145287;0,4722403;0,7583541;0,5422688;0,744742;0,5898818;0,6718533;0,5039969;0,7447463;0,7997795;0,6608725;0,4978784;0,7067646;0,8494558;0,6757349;0,9617595;0,5755533;0,6339637;0,8985012;0,5702799;0,5624308;0,4897783;0,7233604;0,5321127;0,5713358;0,7476781;0,9901296;1,153443
D49;2,221171;1,777677;2,242164;2,269877;0,8628144;1,713407;2,29102;2,316815;1,752011;2,249255;1,936747;0,8018332;1,952757;2,222932;0,4961994;0,9196381;0,3216843;0,8358952;0,7408156;0,4498764;0,3947574;0,2895408;0,5109092;0,5028054;0,5303357;0,6796472;0,5896438;0,3830876;0,6089249;0,4418414;0,4944817;0,3833341;0,4836853;1,156926;0,4110074;0,7247832;0,3950206;0,5125416;0,923048;0,4250023;0,4004648;0,3318371;0,5442341;0,4403985;0,4054868;0,450141;0,838256;1,088497;0,5042002;0,8521307;0,1237966;0,8721504;0,5144338;0,4878172;0,379397;0,3083813;0,545316;0,4704352;0,5510707;0,632387;0,4723321;0,4095382;0,4820585;0,5011283;0,4583034;0,318801;0,3887346;1,097615;0,4050675;0,681494;0,3339899;0,5065067;0,8261326;0,384637;0,3278467;0,3165313;0,5763546;0,4473585;0,3845252;0,6270965;0,8019277;0,964324
D5;2,465154;1,596213;2,230245;2,830133;0,8559946;1,907553;2,424521;2,72429;1,691;2,269177;2,059984;0,8398134;1,748065;2,161671;0,6419024;1,107977;0,4222499;0,8684288;0,9779073;0,6316303;0,4365277;0,4685011;0,5675659;0,5470651;0,7638682;0,6850692;0,7742081;0,5166337;0,60914;0,5501315;0,5966441;0,4736665;0,6004449;1,079362;0,5958888;0,7898425;0,5419151;0,5495031;0,9388263;0,5977114;0,4936736;0,4343256;0,7492683;0,5525522;0,481044;0,7803235;0,9985435;1,10384;0,6446206;0,9326737;0,3647867;0,7202854;0,7422776;0,5732092;0,4550015;0,4216509;0,584071;0,4849945;0,6796029;0,5438267;0,7018293;0,472102;0,7226391;0,6316226;0,4570392;0,3695331;0,5169338;1,016649;0,6051644;0,8415424;0,4703751;0,5471531;0,943789;0,4918949;0,4596938;0,4282206;0,7351287;0,5093206;0,4781446;0,6332709;0,9624445;1,09324
D50;2,52929;1,847968;2,302676;2,978777;0,9061584;1,808232;2,097579;2,493611;1,887727;2,438888;2,41615;0,838689;1,792202;2,052058;0,5347068;1,045022;0,2534436;0,944819;0,808497;0,5401271;0,4828661;0,330413;0,5787595;0,5630957;0,6024924;0,7173535;0,7064112;0,4351599;0,7356822;0,5062911;0,59525;0,3811439;0,5840319;1,301849;0,4848083;0,8495599;0,4512267;0,5857994;1,024017;0,4990107;0,4610008;0,4407784;0,6362749;0,519642;0,4167806;0,5479379;0,9640619;1,122011;0,573168;0,8934994;0,3857467;1,046545;0,6861924;0,5551285;0,4361032;0,3619733;0,6607968;0,5190289;0,6151037;0,7120464;0,5727437;0,4489258;0,5078517;0,5631863;0,4812458;0,3930606;0,4505372;1,210625;0,4879233;0,7709913;0,4015307;0,6104892;0,9069619;0,4334743;0,4024067;0,3804534;0,6222636;0,5001502;0,4144944;0,6292847;0,9730659;1,066354
D51;1,702807;1,499807;2,192885;2,866271;0,6415175;1,402188;1,919928;2,160705;1,264293;2,201281;2,334768;0,6489867;1,424166;1,986855;0,5849849;0,9730027;0,447156;0,8068764;0,7721034;0,5879894;0,4941774;0,3992544;0,6097364;0,4532789;0,6075574;0,7216324;0,6418853;0,4527973;0,7177534;0,5410074;0,5492266;0,4535821;0,5682817;0,8719644;0,4656854;0,7749448;0,4752252;0,5463385;0,7256656;0,5510022;0,506567;0,4343996;0,6125697;0,4836265;0,4400512;0,8008115;0,719325;0,9526244;0,5523076;0,7529873;0,3557676;0,6382696;0,6624323;0,5147756;0,4218038;0,3391918;0,5983735;0,3281061;0,4967292;0,6105439;0,5243098;0,3996675;0,6947615;0,5700014;0,3019743;0,4085534;0,4702638;0,7986356;0,3510977;0,7185404;0,3470623;0,5796158;0,6741151;0,4354302;0,4172047;0,4381258;0,5460881;0,3833203;0,4399343;0,746415;0,6950821;0,8997753
D53;1,990146;1,423652;2,102545;2,961353;0,7672843;1,770992;1,755549;2,021261;1,346007;1,951913;1,537689;0,8732518;1,568664;2,127313;0,714862;1,076035;0,4651435;0,7708307;0,8304911;0,6117935;0,4696801;0,5646794;0,7017923;0,5465826;0,7488979;0,6868002;0,7483213;0,6346417;0,7741262;0,5701631;0,6961572;0,5274792;0,7447128;0,7890095;0,5731139;1,079034;0,4919245;0,6441299;0,9682476;0,6173533;0,4742903;0,4367099;0,8116912;0,5956898;0,6130422;0,7501795;1,103241;1,183069;0,6394862;0,9274084;0,380716;0,7066753;0,7372572;0,5898754;0,4491663;0,4546451;0,772746;0,4528313;0,7233678;0,5702505;0,7227729;0,5481558;0,7393903;0,5767855;0,605429;0,5064886;0,5953352;0,663996;0,4885459;1,021277;0,4231715;0,5939767;0,9525247;0,4774548;0,3988099;0,3911361;0,7262081;0,4732216;0,5125221;0,6053622;0,8604827;1,170075
D54;1,927369;1,230221;1,933963;1,685934;0,8528951;1,558356;1,816985;1,814209;1,183168;1,861301;1,745633;0,7077152;1,649451;1,655491;0,6545605;0,9096706;0,4000992;0,7122537;0,8280644;0,6271694;0,3789895;0,4838375;0,6354308;0,4999987;0,6593716;0,6590378;0,6382999;0,5205104;0,7783655;0,4951852;0,5999219;0,4886415;0,5974759;0,7197055;0,5399672;0,899204;0,4197215;0,5531808;0,7660499;0,4977618;0,3819249;0,3699099;0,7281617;0,5048881;0,414398;0,7650233;1,049849;1,170369;0,5819308;0,8472271;0,3364094;0,7180677;0,8014261;0,6001232;0,3539391;0,4637485;0,7106835;0,4768747;0,7042663;0,5823328;0,6228899;0,4811894;0,7382889;0,5465144;0,5475858;0,6112095;0,527669;0,7090197;0,4312232;0,8737466;0,3785716;0,5242159;0,7587844;0,4192335;0,3530473;0,3425183;0,6573639;0,3940805;0,3977278;0,6682864;0,8289155;1,073532
D55;2,307545;1,318138;1,960159;1,687495;0,5818861;1,390653;2,532119;2,646358;1,405644;1,947546;2,601997;0,5300364;1,405649;2,211669;0,660002;0,9326624;0,4362905;0,7290188;0,5541595;0,5293692;0,4327871;0,4022448;0,3528553;0,5082633;0,5695233;0,6416905;0,7338488;0,4314628;0,5162818;0,5657259;0,5873943;0,3468641;0,566748;0,6912509;0,5763493;0,7299419;0,488322;0,5233008;0,8501568;0,5352959;0,4436408;0,4577857;0,6277311;0,5255394;0,3841412;0,54305;0,9974772;0,9751823;0,5795586;0,7141148;0,4250979;0,7959155;0,4417748;0,4219402;0,4308021;0,39961;0,4604134;0,5082436;0,5631472;0,6036376;0,5470277;0,4419978;0,5885139;0,5980771;0,5394231;0,3473748;0,5140079;0,728046;0,6127857;0,7809622;0,4549015;0,5720686;0,7889063;0,4815264;0,4526116;0,4547614;0,6001752;0,5047429;0,3868948;0,5033949;0,8844952;0,9054071
D56;2,316916;1,364025;1,884682;2,793284;0,6468727;1,511938;2,335846;2,565067;1,33142;1,997966;2,653297;0,578496;1,449584;2,066365;0,5931858;0,8453013;0,4743464;0,7622448;0,5705235;0,5507298;0,4283024;0,386741;0,376228;0,5327133;0,5768447;0,6655493;0,705001;0,460518;0,6159745;0,5748912;0,6468505;0,3049086;0,5874893;0,7254997;0,6831126;0,8374107;0,5273818;0,5745731;0,7744698;0,5311574;0,4637415;0,4939457;0,6952532;0,5363601;0,3198481;0,5640018;1,093914;1,101874;0,5936062;0,8409245;0,4537238;0,6985846;0,5485369;0,4031253;0,4556666;0,3841113;0,5205816;0,513002;0,5550147;0,5762477;0,5932702;0,4107208;0,5307018;0,6710333;0,5991306;0,3347673;0,5637383;0,7176498;0,632881;0,7891025;0,502381;0,5758879;0,8839686;0,4879937;0,4620131;0,4528657;0,6622058;0,539768;0,4163234;0,4457617;0,9681798;0,9512576
D57;2,660257;1,973148;2,524985;3,679206;1,073175;2,278516;2,897267;2,628106;1,95284;2,536864;3,38364;0,9892368;2,190569;2,312008;0,7135726;1,212326;0,6163865;0,8318427;1,13177;0,678567;0,5730441;0,4827687;0,5960136;0,5970428;0,7878145;0,7422294;0,8474939;0,5715913;0,8699671;0,7195807;0,7482206;0,5074868;0,7165053;1,04342;0,7561088;0,9268649;0,675153;0,6119669;1,041556;0,685697;0,5987397;0,495256;0,8608102;0,6791049;0,5252602;0,8287982;1,106109;1,232509;0,7653337;0,9252799;0,524768;0,8704748;1,239824;0,7176353;0,5317224;0,6046177;0,6346307;0,5707424;0,8391763;0,7541164;0,793057;0,6105398;0,8831316;0,7830671;0,6782455;0,5292471;0,6219605;1,060402;0,6805353;1,018731;0,5718171;0,6484078;1,012473;0,5787641;0,5615719;0,4814432;0,7951785;0,6739199;0,5646452;0,8900644;0,9986252;1,212467
D58;3,255691;2,405218;2,940882;3,925897;1,465008;3,066048;2,563399;3,064116;2,319804;3,042505;3,530688;1,232134;2,358601;2,459239;0,9995904;1,26336;0,7594492;1,049975;1,133019;0,7287691;0,7263096;0,5692665;0,8180632;0,7712022;0,9401304;0,9782988;1,062552;0,797318;1,048066;0,8581077;0,9462359;0,6746527;0,9025391;1,284174;0,9507226;1,209399;0,8396448;0,7814854;1,313;0,8292707;0,6734938;0,6464985;1,193021;0,8830658;0,5856285;0,9096075;1,524036;1,679175;0,9468915;1,058625;0,6134048;1,052034;0,9732738;0,721931;0,7044832;0,5456206;1,138246;0,7254483;0,9896493;0,8989049;1,034605;0,7175384;0,9274933;0,900565;0,7818825;0,6936788;0,864548;1,302837;0,8451057;1,07468;0,6985119;0,8270126;1,089;0,7584568;0,6405108;0,6228427;1,087143;0,9001612;0,8083861;0,9587041;1,464529;1,544527
D59;1,940728;1,344893;1,762442;2,111138;0,855092;1,901143;2,11868;1,952934;1,306418;1,713099;2,495515;0,6912978;2,070575;1,534806;0,6375592;0,8620355;0,4212162;0,9230151;0,9399509;0,5459444;0,408963;0,4462871;0,6283458;0,4878673;0,5729583;0,6808979;0,6917469;0,4697264;0,6548699;0,7422478;0,5680994;0,3657199;0,4789047;1,008912;0,6195135;0,9167299;0,4972123;0,6130716;0,7457424;0,5013457;0,428175;0,4257398;0,7041743;0,5099174;0,3048178;0,7692505;1,079118;1,055611;0,7650922;0,9262934;0,3479074;0,8442667;0,9900893;0,4883303;0,4064005;0,4444159;0,6809094;0,4432323;0,6016873;0,5928313;0,5642462;0,4808117;0,5368665;0,7347015;0,5795931;0,3573398;0,4745832;0,9649556;0,4846383;0,9382783;0,4196948;0,6214008;0,7081118;0,4213375;0,4097195;0,3876989;0,6971456;0,4133933;0,4628304;0,7295444;0,9127344;1,099912
D6;2,466627;1,598613;2,18016;2,722322;0,8556926;2,046302;2,474906;2,720734;1,665978;2,269977;2,126411;0,8526367;1,843106;2,330612;0,6834935;1,041085;0,417157;0,9359354;0,9441613;0,65975;0,4161001;0,4734209;0,6257142;0,5983047;0,7404765;0,7300378;0,749557;0,5173296;0,7012623;0,5894644;0,5765647;0,4509227;0,5505051;1,089254;0,64967;0,8450027;0,5510921;0,6080382;0,8922671;0,550735;0,5044682;0,4827002;0,7371436;0,5553927;0,4382126;0,8115155;1,116171;1,122549;0,6873888;0,9511445;0,3961311;0,8480312;0,816758;0,6208891;0,4770144;0,4891197;0,6970918;0,5784004;0,7338721;0,621639;0,6974716;0,5177419;0,7707083;0,7076111;0,5385108;0,4219031;0,5736145;1,093853;0,7076777;0,9398295;0,5156032;0,6055341;0,895149;0,4960838;0,4615938;0,4746792;0,7832953;0,5451652;0,3290746;0,735064;1,025131;1,147125
D60;1,866574;1,351739;1,794063;2,158516;0,8947351;1,922395;1,944468;2,148243;1,391678;1,805785;2,129973;0,7786586;2,287081;1,574827;0,6000234;0,8928452;0,4590359;0,8363031;0,9137147;0,5373781;0,4087678;0,427255;0,6735652;0,4518469;0,5968565;0,6553647;0,7561269;0,4727536;0,6579694;0,7966094;0,570318;0,3715848;0,4801284;0,9808616;0,6127023;0,9622199;0,4906779;0,6433935;0,7297471;0,5098522;0,4745875;0,4206596;0,6369872;0,5009176;0,4204206;0,7583644;1,02783;1,088999;0,677534;0,9190742;0,3737873;0,7805638;0,9404917;0,4614917;0,394585;0,4333414;0,6819012;0,4149788;0,5909288;0,5376918;0,5987223;0,4736692;0,5474105;0,7820511;0,5978266;0,3724503;0,4627649;0,9281929;0,4668742;0,9989099;0,4255033;0,6505146;0,7584277;0,4383142;0,4553748;0,4067229;0,6600076;0,4430309;0,4487255;0,7379964;0,9410536;1,016994
D61;2,327608;1,622502;2,619545;2,949412;0,6315998;1,890915;2,165;2,815103;1,86931;2,573983;2,345335;0,7320401;1,997357;2,741125;0,633304;1,063289;0,4353995;0,7543421;0,6971416;0,4964517;0,5017936;0,3218596;0,6343093;0,5171444;0,5916814;0,607138;0,5816308;0,4297087;0,5998733;0,6868089;0,6527077;0,4720057;0,7209784;0,7903103;0,6042995;0,8851245;0,5407668;0,6344196;0,7574516;0,5324505;0,3942578;0,5120228;0,5954435;0,5544038;0,4212314;0,752992;0,968113;1,110477;0,63754;0,8942649;0,4161263;0,7268689;0,7940536;0,4734914;0,5027854;0,3997998;0,6873276;0,5519944;0,6344426;0,5773931;0,6338475;0,4623385;0,5638025;0,7398317;0,6377823;0,4492508;0,6195381;0,8242937;0,5506951;0,9182624;0,536347;0,6622659;0,7401877;0,4632579;0,4065873;0,4987662;0,6475314;0,5647835;0,3725583;0,747784;1,101418;1,101944
D62;2,388015;1,570109;2,562868;3,34413;0,6543493;1,927753;2,068224;2,432403;1,933839;2,95362;4,967121;0,6216554;1,852098;1,826312;0,5686554;0,8634321;0,3811034;0,7418093;0,8253499;0,5064791;0,4013136;0,3453147;0,5761135;0,5102122;0,525118;0,592922;0,5655649;0,4112729;0,6052066;0,6073712;0,6077865;0,3863938;0,5701235;0,7499904;0,5311863;0,7742896;0,481725;0,5366901;0,7404488;0,4860776;0,326969;0,4334415;0,571045;0,4579481;0,2980206;0,7748892;0,955967;1,063943;0,5560712;0,8971539;0,3454361;0,7486101;0,8240627;0,468343;0,4009478;0,3992483;0,6396193;0,5195074;0,5980113;0,5854165;0,5330016;0,4133056;0,5667293;0,6016263;0,5415467;0,366654;0,581532;0,8699469;0,4885975;0,7650439;0,4653277;0,5585538;0,6544821;0,4355976;0,3341773;0,4132224;0,5983056;0,4433342;0,362006;0,8065902;0,9963277;1,055987
D7;2,519184;1,605529;1,964593;3,32197;0,7191725;1,781355;2,169253;3,29106;1,345483;2,05902;2,642678;0,7922525;1,608755;1,888384;0,6129673;1,153696;0,4468959;0,7433148;0,9170041;0,5757427;0,4128635;0,3571266;0,6528522;0,4618606;0,7118025;0,6575652;0,8432197;0,4127357;0,8589723;0,5855119;0,5968019;0,4245883;0,5839141;0,7647945;0,5757554;0,849336;0,5071945;0,6334203;0,9156934;0,5253399;0,5315933;0,4682698;0,6432574;0,4917119;0,4183424;0,79109;0,8882596;1,249491;0,5971144;0,9503599;0,4110616;0,6207136;0,7488017;0,5252619;0,4046734;0,4153958;0,7182589;0,4736351;0,6919662;0,6596423;0,8062193;0,494808;0,699495;0,7143233;0,5938997;0,4684209;0,5498476;0,752714;0,5316588;0,9318655;0,4700605;0,645311;1,085046;0,467064;0,4964104;0,4702419;0,6940525;0,4769612;0,5152402;0,7703516;0,9807501;1,297632
D8;2,498125;1,714051;2,141439;2,811801;0,7171144;1,663541;2,509665;2,966869;1,549941;2,0824;2,7384;0,7263972;1,689401;1,966019;0,6388687;1,162663;0,5035928;0,7243347;0,9427822;0,603391;0,4288308;0,3918794;0,6555925;0,4485332;0,7736517;0,667855;0,8609268;0,4632806;0,7807118;0,609237;0,6359663;0,5616483;0,6132288;0,7863488;0,6034499;0,8768221;0,5389054;0,652972;0,9042051;0,6117345;0,5663011;0,4402375;0,6655445;0,5148485;0,5595417;0,7335173;0,8805595;1,244704;0,6157894;0,9687542;0,4482146;0,6260913;0,6985958;0,508382;0,414984;0,4067644;0,7044277;0,4345617;0,702035;0,6592733;0,7906874;0,4765879;0,6681278;0,7476382;0,6422966;0,4923624;0,5661245;0,7251801;0,5855799;0,9672641;0,5170767;0,667693;0,9806657;0,5418808;0,5250965;0,4667047;0,7229644;0,5192274;0,5662319;0,7259931;0,9580349;1,307237
D9;2,651237;1,785528;2,721312;3,415428;1,006611;2,43677;2,846644;3,065458;1,770893;2,708513;3,094524;0,9632373;2,729216;2,244963;0,8824561;1,309228;0,3877766;0,8551108;0,8418673;0,6435981;0,4880616;0,5056414;0,7416791;0,5856662;0,7977844;0,7953109;0,92209;0,6389647;0,7406025;0,7746228;0,6656857;0,4507772;0,6599381;1,038092;0,7412157;0,9839214;0,618995;0,6936199;1,244534;0,5363715;0,5575897;0,5139658;0,9553083;0,642848;0,5729211;0,9418951;1,278096;1,558584;0,7124365;1,200104;0,3455786;0,8527942;0,8159848;0,6582403;0,5291554;0,4939005;0,7332423;0,586556;0,7871255;0,7700663;0,842575;0,6063389;0,6715213;0,7590835;0,7592689;0,4244267;0,6210274;0,9946579;0,6955792;1,01293;0,5230925;0,7288509;1,315039;0,4854465;0,5588329;0,5073465;0,9657648;0,6666095;0,5600149;0,9272574;1,195081;1,412653
